gender,age_group,race,hispanic,inputstate,education,presvote20post
Female,18-34,White,No,Wisconsin,Bachelor's degree,Joe Biden
Female,18-34,White,No,Florida,Bachelor's degree,Joe Biden
Female,18-34,White,No,New York,Graduate or professional degree,Joe Biden
Female,18-34,White,Yes,Missouri,High school graduate (includes equivalency),Joe Biden
Female,35-54,White,No,Pennsylvania,Bachelor's degree,Donald Trump
Male,35-54,White,No,Texas,Graduate or professional degree,Joe Biden
Male,65+,White,No,Texas,Graduate or professional degree,Joe Biden
Male,18-34,White,No,Virginia,High school graduate (includes equivalency),Donald Trump
Male,65+,White,No,Washington,Some college or associate's degree,Donald Trump
Female,65+,White,No,New Hampshire,Some college or associate's degree,Joe Biden
Female,35-54,Hispanic,Yes,Texas,Bachelor's degree,Joe Biden
Male,18-34,White,No,California,Bachelor's degree,Joe Biden
Male,35-54,White,No,Wisconsin,Bachelor's degree,Joe Biden
Female,65+,White,No,Kentucky,High school graduate (includes equivalency),Joe Biden
Male,65+,White,No,South Dakota,Bachelor's degree,Joe Biden
Male,18-34,White,No,California,Graduate or professional degree,Joe Biden
Male,65+,White,No,Texas,Some college or associate's degree,Joe Biden
Female,18-34,Black,No,California,High school graduate (includes equivalency),Joe Biden
Female,65+,White,No,Tennessee,Bachelor's degree,Donald Trump
Female,65+,Hispanic,Yes,Texas,Some college or associate's degree,Donald Trump
Female,35-54,White,No,Washington,Bachelor's degree,Donald Trump
Male,35-54,White,No,Virginia,Graduate or professional degree,Joe Biden
Male,65+,White,No,Texas,Bachelor's degree,Donald Trump
Male,65+,White,No,West Virginia,Graduate or professional degree,Joe Biden
Male,65+,White,No,Georgia,Graduate or professional degree,Joe Biden
Male,35-54,White,No,Tennessee,Some college or associate's degree,Donald Trump
Male,65+,White,No,Washington,Graduate or professional degree,Joe Biden
Male,65+,White,No,California,Some college or associate's degree,Donald Trump
Male,35-54,White,No,Illinois,Graduate or professional degree,Joe Biden
Female,65+,White,No,California,Graduate or professional degree,Joe Biden
Male,65+,White,No,Arizona,Bachelor's degree,Donald Trump
Female,65+,White,No,Illinois,Graduate or professional degree,Joe Biden
Female,65+,White,No,Oregon,Graduate or professional degree,Joe Biden
Male,18-34,White,No,New York,Bachelor's degree,Joe Biden
Female,65+,White,No,Nebraska,Bachelor's degree,Joe Biden
Female,18-34,Other,Yes,California,Bachelor's degree,Donald Trump
Male,35-54,Black,No,Connecticut,High school graduate (includes equivalency),Joe Biden
Male,35-54,Black,No,Indiana,Some college or associate's degree,Joe Biden
Female,35-54,Other,No,Illinois,Some college or associate's degree,Donald Trump
Male,35-54,Hispanic,Yes,California,High school graduate (includes equivalency),Joe Biden
Female,35-54,Black,No,Texas,Some college or associate's degree,Joe Biden
Female,35-54,Other,No,Michigan,Some college or associate's degree,Joe Biden
Male,35-54,Hispanic,Yes,Texas,High school graduate (includes equivalency),Donald Trump
Male,35-54,Two or more races,No,Nevada,Some college or associate's degree,Joe Biden
Female,35-54,Black,No,Mississippi,Some college or associate's degree,Joe Biden
Male,18-34,White,No,California,High school graduate (includes equivalency),Donald Trump
Male,18-34,Hispanic,Yes,Texas,Bachelor's degree,Joe Biden
Female,35-54,White,No,Wisconsin,High school graduate (includes equivalency),Joe Biden
Male,65+,White,No,Montana,Bachelor's degree,Joe Biden
Female,35-54,White,No,Utah,Bachelor's degree,Joe Biden
Female,35-54,White,No,Tennessee,High school graduate (includes equivalency),Donald Trump
Male,18-34,White,No,Minnesota,High school graduate (includes equivalency),Joe Biden
Male,35-54,White,No,Indiana,Bachelor's degree,Donald Trump
Male,35-54,Black,No,Florida,Bachelor's degree,Joe Biden
Male,35-54,Hispanic,Yes,Maryland,Bachelor's degree,Joe Biden
Male,18-34,White,No,Michigan,High school graduate (includes equivalency),Joe Biden
Female,35-54,White,No,New York,High school graduate (includes equivalency),Joe Biden
Male,65+,White,No,Georgia,High school graduate (includes equivalency),Donald Trump
Female,65+,White,No,Georgia,Some college or associate's degree,Donald Trump
Female,65+,White,No,Oklahoma,High school graduate (includes equivalency),Donald Trump
Female,65+,White,No,California,Some college or associate's degree,Donald Trump
Female,65+,White,No,Kentucky,High school graduate (includes equivalency),Donald Trump
Female,65+,White,No,Delaware,High school graduate (includes equivalency),Donald Trump
Female,65+,White,No,Utah,Some college or associate's degree,Donald Trump
Female,65+,White,No,Florida,High school graduate (includes equivalency),Joe Biden
Female,18-34,Hispanic,Yes,California,High school graduate (includes equivalency),Joe Biden
Female,65+,White,No,Washington,Some college or associate's degree,Donald Trump
Female,65+,White,No,South Carolina,Some college or associate's degree,Donald Trump
Male,65+,Black,No,South Carolina,Some college or associate's degree,Joe Biden
Female,65+,White,No,Arizona,Some college or associate's degree,Donald Trump
Female,65+,White,No,Arkansas,High school graduate (includes equivalency),Joe Biden
Male,65+,White,No,Texas,High school graduate (includes equivalency),Donald Trump
Female,65+,White,No,Washington,Some college or associate's degree,Joe Biden
Male,35-54,Hispanic,Yes,Illinois,Graduate or professional degree,Joe Biden
Male,18-34,White,No,New York,Some college or associate's degree,Donald Trump
Male,18-34,White,No,Texas,High school graduate (includes equivalency),Joe Biden
Male,35-54,White,No,Louisiana,High school graduate (includes equivalency),Donald Trump
Male,35-54,White,No,Louisiana,Some college or associate's degree,Joe Biden
Male,35-54,Black,No,California,Graduate or professional degree,Joe Biden
Male,35-54,Black,No,Michigan,High school graduate (includes equivalency),Joe Biden
Male,35-54,White,No,Texas,High school graduate (includes equivalency),Joe Biden
Male,65+,White,No,Pennsylvania,High school graduate (includes equivalency),Donald Trump
Male,35-54,White,No,Kentucky,Some college or associate's degree,Joe Biden
Female,65+,White,No,Colorado,High school graduate (includes equivalency),Donald Trump
Male,35-54,White,No,Florida,High school graduate (includes equivalency),Donald Trump
Male,18-34,Hispanic,Yes,South Carolina,Some college or associate's degree,Donald Trump
Male,35-54,White,Yes,New York,Graduate or professional degree,Joe Biden
Male,35-54,White,No,Kentucky,Some college or associate's degree,Joe Biden
Female,35-54,Black,No,Pennsylvania,Bachelor's degree,Donald Trump
Male,65+,Hispanic,Yes,Massachusetts,Some college or associate's degree,Joe Biden
Female,35-54,Black,No,Ohio,Some college or associate's degree,Joe Biden
Male,65+,Other,No,Minnesota,Some college or associate's degree,Donald Trump
Female,35-54,Hispanic,Yes,Michigan,Some college or associate's degree,Donald Trump
Female,18-34,White,Yes,Indiana,Bachelor's degree,Joe Biden
Male,35-54,Hispanic,Yes,Ohio,Some college or associate's degree,Joe Biden
Female,18-34,White,No,Michigan,Bachelor's degree,Joe Biden
Female,65+,White,No,Wisconsin,High school graduate (includes equivalency),Donald Trump
Male,35-54,White,No,Alaska,Bachelor's degree,Donald Trump
Female,35-54,White,No,Michigan,Some college or associate's degree,Joe Biden
Female,35-54,White,No,Michigan,Some college or associate's degree,Joe Biden
Male,18-34,White,No,California,High school graduate (includes equivalency),Joe Biden
Male,65+,White,No,Arizona,High school graduate (includes equivalency),Donald Trump
Female,35-54,White,No,Michigan,Bachelor's degree,Joe Biden
Female,65+,White,No,Minnesota,Bachelor's degree,Joe Biden
Male,35-54,White,No,Colorado,Some college or associate's degree,Donald Trump
Male,65+,White,No,Arizona,High school graduate (includes equivalency),Donald Trump
Female,65+,White,No,Minnesota,Bachelor's degree,Donald Trump
Female,65+,White,No,Wisconsin,High school graduate (includes equivalency),Donald Trump
Female,65+,White,No,Florida,Some college or associate's degree,Donald Trump
Male,35-54,Black,No,South Carolina,High school graduate (includes equivalency),Joe Biden
Female,18-34,Black,No,Georgia,No high school diploma,Donald Trump
Female,35-54,White,No,New Jersey,Graduate or professional degree,Joe Biden
Male,35-54,White,Yes,New York,High school graduate (includes equivalency),Donald Trump
Female,18-34,White,No,Alabama,Bachelor's degree,Donald Trump
Male,35-54,White,No,Maine,High school graduate (includes equivalency),Donald Trump
Female,18-34,Hispanic,Yes,New York,Bachelor's degree,Joe Biden
Female,18-34,Black,No,Texas,Graduate or professional degree,Joe Biden
Male,35-54,White,No,California,Bachelor's degree,Joe Biden
Male,18-34,White,No,Texas,Bachelor's degree,Joe Biden
Female,35-54,White,No,Texas,Bachelor's degree,Joe Biden
Female,35-54,White,No,North Carolina,Graduate or professional degree,Joe Biden
Female,35-54,White,No,New Jersey,Bachelor's degree,Joe Biden
Female,18-34,White,No,Arkansas,Bachelor's degree,Joe Biden
Male,35-54,White,No,Pennsylvania,High school graduate (includes equivalency),Joe Biden
Male,65+,White,No,New York,High school graduate (includes equivalency),Joe Biden
Male,18-34,White,No,Kentucky,Bachelor's degree,Donald Trump
Male,65+,White,No,Kentucky,High school graduate (includes equivalency),Joe Biden
Female,18-34,White,No,California,Graduate or professional degree,Joe Biden
Female,35-54,Black,No,New York,No high school diploma,Joe Biden
Female,18-34,Two or more races,No,Utah,Some college or associate's degree,Donald Trump
Female,65+,Black,No,Florida,High school graduate (includes equivalency),Joe Biden
Female,18-34,Black,No,Nebraska,Some college or associate's degree,Donald Trump
Female,65+,Hispanic,Yes,Texas,High school graduate (includes equivalency),Joe Biden
Female,65+,Black,No,Missouri,High school graduate (includes equivalency),Joe Biden
Female,65+,Hispanic,Yes,Florida,High school graduate (includes equivalency),Donald Trump
Female,18-34,White,No,Utah,Some college or associate's degree,Joe Biden
Male,18-34,Hispanic,Yes,California,Some college or associate's degree,Joe Biden
Female,35-54,White,No,Washington,High school graduate (includes equivalency),Joe Biden
Male,65+,White,Yes,California,High school graduate (includes equivalency),Donald Trump
Male,18-34,White,No,Texas,Some college or associate's degree,Joe Biden
Female,18-34,White,No,Connecticut,Some college or associate's degree,Joe Biden
Female,65+,White,No,Ohio,High school graduate (includes equivalency),Joe Biden
Female,65+,White,No,Tennessee,High school graduate (includes equivalency),Joe Biden
Male,65+,White,No,Indiana,Some college or associate's degree,Joe Biden
Male,65+,White,No,Florida,High school graduate (includes equivalency),Donald Trump
Female,65+,White,No,Maine,High school graduate (includes equivalency),Donald Trump
Male,65+,White,No,New Mexico,Some college or associate's degree,Donald Trump
Male,65+,White,No,Indiana,High school graduate (includes equivalency),Donald Trump
Male,65+,White,No,Ohio,Some college or associate's degree,Donald Trump
Female,65+,White,No,Tennessee,High school graduate (includes equivalency),Donald Trump
Female,65+,White,No,Georgia,High school graduate (includes equivalency),Donald Trump
Male,65+,White,No,Arizona,Some college or associate's degree,Joe Biden
Male,65+,White,No,Idaho,High school graduate (includes equivalency),Donald Trump
Male,65+,White,No,Nevada,Some college or associate's degree,Joe Biden
Male,65+,White,No,Kentucky,High school graduate (includes equivalency),Donald Trump
Female,65+,White,No,California,High school graduate (includes equivalency),Donald Trump
Male,65+,White,No,Montana,High school graduate (includes equivalency),Joe Biden
Male,65+,White,No,Arizona,Some college or associate's degree,Donald Trump
Male,65+,White,No,Pennsylvania,High school graduate (includes equivalency),Joe Biden
Male,65+,White,No,Utah,Some college or associate's degree,Donald Trump
Female,35-54,White,No,Georgia,High school graduate (includes equivalency),Donald Trump
Male,65+,White,No,Washington,Some college or associate's degree,Donald Trump
Female,65+,White,No,Indiana,High school graduate (includes equivalency),Joe Biden
Male,65+,White,No,California,Some college or associate's degree,Donald Trump
Male,65+,White,No,Missouri,Some college or associate's degree,Donald Trump
Male,65+,White,No,Maryland,Some college or associate's degree,Joe Biden
Female,65+,Black,No,Virginia,High school graduate (includes equivalency),Joe Biden
Female,35-54,Black,No,Virginia,Bachelor's degree,Donald Trump
Female,18-34,Two or more races,No,South Carolina,Graduate or professional degree,Joe Biden
Male,65+,White,No,Texas,Some college or associate's degree,Donald Trump
Female,35-54,Black,No,Wisconsin,Some college or associate's degree,Joe Biden
Female,35-54,Two or more races,No,Ohio,Some college or associate's degree,Joe Biden
Female,35-54,Black,No,Alabama,Some college or associate's degree,Joe Biden
Female,18-34,Asian,Yes,California,Graduate or professional degree,Joe Biden
Female,35-54,Hispanic,Yes,California,Graduate or professional degree,Donald Trump
Male,35-54,Hispanic,Yes,Texas,High school graduate (includes equivalency),Donald Trump
Female,18-34,White,No,Missouri,Some college or associate's degree,Joe Biden
Female,18-34,White,No,New York,Some college or associate's degree,Joe Biden
Male,18-34,Hispanic,Yes,New Jersey,High school graduate (includes equivalency),Donald Trump
Male,18-34,White,No,Texas,High school graduate (includes equivalency),Joe Biden
Male,65+,White,No,Ohio,Graduate or professional degree,Joe Biden
Female,35-54,White,No,Indiana,Some college or associate's degree,Joe Biden
Male,35-54,Black,No,Georgia,High school graduate (includes equivalency),Joe Biden
Female,18-34,Hispanic,Yes,Virginia,Bachelor's degree,Joe Biden
Male,35-54,White,No,New York,Graduate or professional degree,Joe Biden
Female,35-54,White,No,Florida,Some college or associate's degree,Donald Trump
Male,18-34,White,No,California,Bachelor's degree,Joe Biden
Male,35-54,Black,No,Louisiana,Some college or associate's degree,Joe Biden
Female,35-54,White,No,California,Bachelor's degree,Joe Biden
Male,35-54,White,No,Ohio,Some college or associate's degree,Joe Biden
Female,18-34,White,No,South Carolina,High school graduate (includes equivalency),Donald Trump
Male,18-34,White,No,New York,Some college or associate's degree,Joe Biden
Male,35-54,White,No,Maryland,Bachelor's degree,Donald Trump
Female,18-34,Black,No,California,Graduate or professional degree,Donald Trump
Female,35-54,Hispanic,Yes,North Carolina,Bachelor's degree,Joe Biden
Female,18-34,White,No,Illinois,Bachelor's degree,Donald Trump
Male,35-54,White,No,New York,Bachelor's degree,Donald Trump
Female,35-54,White,No,New York,Bachelor's degree,Joe Biden
Male,18-34,White,Yes,New York,Some college or associate's degree,Joe Biden
Female,35-54,White,No,New York,Bachelor's degree,Joe Biden
Male,18-34,White,No,Massachusetts,High school graduate (includes equivalency),Donald Trump
Male,35-54,White,No,Ohio,Bachelor's degree,Joe Biden
Female,35-54,White,No,Massachusetts,Bachelor's degree,Joe Biden
Male,18-34,White,No,Pennsylvania,Some college or associate's degree,Joe Biden
Female,65+,Black,No,District of Columbia,Some college or associate's degree,Joe Biden
Female,18-34,Black,No,Texas,Graduate or professional degree,Joe Biden
Female,65+,Black,No,Arizona,Graduate or professional degree,Joe Biden
Female,65+,Black,No,Mississippi,Some college or associate's degree,Joe Biden
Female,65+,Black,No,South Carolina,Some college or associate's degree,Joe Biden
Female,65+,Black,No,Ohio,Bachelor's degree,Joe Biden
Male,18-34,Asian,No,New Jersey,Some college or associate's degree,Joe Biden
Male,35-54,White,No,California,High school graduate (includes equivalency),Joe Biden
Male,35-54,Hispanic,Yes,New York,High school graduate (includes equivalency),Joe Biden
Male,18-34,Other,No,Arizona,Some college or associate's degree,Donald Trump
Male,35-54,White,No,Michigan,Some college or associate's degree,Joe Biden
Female,35-54,White,No,Minnesota,Graduate or professional degree,Joe Biden
Female,65+,White,No,Michigan,High school graduate (includes equivalency),Joe Biden
Male,65+,White,No,Washington,Graduate or professional degree,Joe Biden
Female,65+,White,No,Texas,Bachelor's degree,Joe Biden
Female,65+,Hispanic,Yes,Texas,No high school diploma,Donald Trump
Male,18-34,White,No,Virginia,High school graduate (includes equivalency),Joe Biden
Female,65+,White,No,Florida,Bachelor's degree,Joe Biden
Male,65+,White,No,Missouri,Bachelor's degree,Donald Trump
Female,65+,White,No,North Carolina,Bachelor's degree,Joe Biden
Male,65+,White,No,Oregon,Bachelor's degree,Joe Biden
Male,35-54,White,No,Texas,High school graduate (includes equivalency),Donald Trump
Female,65+,White,No,New Mexico,Graduate or professional degree,Joe Biden
Male,65+,White,No,California,Graduate or professional degree,Joe Biden
Male,65+,White,No,North Carolina,Graduate or professional degree,Donald Trump
Male,65+,White,No,Oregon,Bachelor's degree,Joe Biden
Male,65+,White,No,Florida,Graduate or professional degree,Joe Biden
Female,65+,White,No,Tennessee,High school graduate (includes equivalency),Joe Biden
Male,65+,White,No,Minnesota,Bachelor's degree,Donald Trump
Male,65+,White,No,California,Graduate or professional degree,Joe Biden
Male,35-54,White,No,Kentucky,No high school diploma,Joe Biden
Male,65+,White,No,Colorado,Graduate or professional degree,Donald Trump
Male,65+,White,No,Tennessee,Graduate or professional degree,Joe Biden
Male,65+,White,No,Colorado,Graduate or professional degree,Joe Biden
Female,65+,White,No,North Carolina,Bachelor's degree,Joe Biden
Male,65+,White,No,Washington,Bachelor's degree,Donald Trump
Male,65+,White,No,South Carolina,Bachelor's degree,Donald Trump
Female,65+,White,No,California,Bachelor's degree,Joe Biden
Female,65+,White,No,Florida,High school graduate (includes equivalency),Donald Trump
Male,65+,White,No,Texas,Bachelor's degree,Donald Trump
Male,65+,White,No,Maryland,Graduate or professional degree,Joe Biden
Female,65+,White,Yes,California,High school graduate (includes equivalency),Donald Trump
Female,65+,White,No,Virginia,High school graduate (includes equivalency),Joe Biden
Female,65+,White,No,Missouri,High school graduate (includes equivalency),Joe Biden
Male,35-54,White,No,Oklahoma,High school graduate (includes equivalency),Donald Trump
Male,65+,White,No,Minnesota,Bachelor's degree,Donald Trump
Male,65+,White,No,Texas,Graduate or professional degree,Joe Biden
Female,35-54,Black,No,Pennsylvania,Some college or associate's degree,Joe Biden
Male,65+,Hispanic,Yes,California,High school graduate (includes equivalency),Donald Trump
Male,35-54,Hispanic,Yes,New York,High school graduate (includes equivalency),Joe Biden
Female,35-54,Black,No,Ohio,Some college or associate's degree,Joe Biden
Male,65+,Other,No,California,Bachelor's degree,Donald Trump
Female,65+,White,No,Washington,Some college or associate's degree,Joe Biden
Male,18-34,White,No,California,High school graduate (includes equivalency),Joe Biden
Male,35-54,White,No,California,Some college or associate's degree,Joe Biden
Female,35-54,White,No,Oregon,Some college or associate's degree,Joe Biden
Male,18-34,White,No,California,Some college or associate's degree,Donald Trump
Female,35-54,White,No,Rhode Island,Some college or associate's degree,Joe Biden
Female,35-54,White,No,Virginia,High school graduate (includes equivalency),Donald Trump
Male,35-54,White,No,New York,Some college or associate's degree,Donald Trump
Female,35-54,White,No,Texas,Some college or associate's degree,Donald Trump
Female,18-34,White,No,New Jersey,Some college or associate's degree,Joe Biden
Female,18-34,White,No,Missouri,Some college or associate's degree,Joe Biden
Female,35-54,White,No,Montana,Some college or associate's degree,Donald Trump
Male,18-34,Hispanic,Yes,Texas,Bachelor's degree,Joe Biden
Female,35-54,Black,No,Georgia,High school graduate (includes equivalency),Joe Biden
Female,18-34,Black,No,Florida,High school graduate (includes equivalency),Joe Biden
Male,18-34,White,No,Michigan,High school graduate (includes equivalency),Donald Trump
Male,35-54,White,No,New York,High school graduate (includes equivalency),Joe Biden
Male,35-54,White,No,New Jersey,Some college or associate's degree,Joe Biden
Male,18-34,Other,No,New York,High school graduate (includes equivalency),Joe Biden
Male,18-34,White,No,Georgia,Bachelor's degree,Joe Biden
Female,18-34,White,No,Florida,High school graduate (includes equivalency),Joe Biden
Female,18-34,White,No,New Jersey,Bachelor's degree,Joe Biden
Female,18-34,White,No,Hawaii,Bachelor's degree,Joe Biden
Female,35-54,White,No,North Carolina,Bachelor's degree,Joe Biden
Male,35-54,Hispanic,Yes,Wisconsin,High school graduate (includes equivalency),Joe Biden
Male,35-54,Asian,No,California,Graduate or professional degree,Joe Biden
Male,18-34,Native American,No,New York,Some college or associate's degree,Joe Biden
Female,18-34,White,No,New Hampshire,High school graduate (includes equivalency),Donald Trump
Male,18-34,Hispanic,Yes,Texas,Some college or associate's degree,Donald Trump
Male,35-54,Two or more races,Yes,Colorado,High school graduate (includes equivalency),Donald Trump
Male,18-34,Hispanic,Yes,California,Some college or associate's degree,Joe Biden
Male,35-54,White,No,Michigan,Some college or associate's degree,Donald Trump
Male,35-54,White,No,Illinois,Some college or associate's degree,Joe Biden
Male,18-34,White,No,New Jersey,Some college or associate's degree,Joe Biden
Female,65+,White,No,Vermont,Some college or associate's degree,Joe Biden
Male,35-54,White,No,Indiana,Some college or associate's degree,Joe Biden
Female,35-54,White,No,Ohio,Some college or associate's degree,Joe Biden
Male,35-54,White,No,New York,Some college or associate's degree,Donald Trump
Male,35-54,White,No,Illinois,Some college or associate's degree,Joe Biden
Female,35-54,White,No,Connecticut,Some college or associate's degree,Joe Biden
Female,35-54,Hispanic,Yes,California,Bachelor's degree,Joe Biden
Female,35-54,Asian,No,Michigan,Bachelor's degree,Joe Biden
Male,18-34,White,No,California,Bachelor's degree,Joe Biden
Male,35-54,White,No,Illinois,Bachelor's degree,Joe Biden
Male,18-34,White,No,Missouri,Bachelor's degree,Joe Biden
Female,35-54,White,No,Ohio,Bachelor's degree,Donald Trump
Female,35-54,White,No,California,Bachelor's degree,Joe Biden
Female,35-54,White,No,Washington,Bachelor's degree,Joe Biden
Female,35-54,Asian,No,California,Graduate or professional degree,Joe Biden
Male,35-54,White,No,Florida,Graduate or professional degree,Joe Biden
Male,18-34,Middle Eastern,No,Illinois,Bachelor's degree,Joe Biden
Male,18-34,White,Yes,Texas,No high school diploma,Joe Biden
Male,18-34,White,Yes,Alabama,Bachelor's degree,Joe Biden
Male,18-34,Other,No,Colorado,Graduate or professional degree,Joe Biden
Male,35-54,White,No,Michigan,Bachelor's degree,Donald Trump
Female,18-34,Native American,No,California,Bachelor's degree,Joe Biden
Female,18-34,White,No,Indiana,Bachelor's degree,Donald Trump
Male,18-34,White,No,Illinois,Graduate or professional degree,Donald Trump
Male,35-54,White,No,Colorado,Bachelor's degree,Joe Biden
Male,35-54,White,No,Oklahoma,Graduate or professional degree,Joe Biden
Male,18-34,White,No,California,Graduate or professional degree,Joe Biden
Male,35-54,White,No,Florida,Bachelor's degree,Joe Biden
Female,18-34,White,No,California,Graduate or professional degree,Joe Biden
Female,35-54,White,No,Michigan,Bachelor's degree,Donald Trump
Male,35-54,White,No,Florida,Graduate or professional degree,Donald Trump
Female,18-34,Black,No,Texas,Some college or associate's degree,Joe Biden
Female,18-34,Black,No,Texas,Some college or associate's degree,Joe Biden
Female,35-54,Hispanic,Yes,Florida,High school graduate (includes equivalency),Joe Biden
Female,65+,Two or more races,No,Arkansas,High school graduate (includes equivalency),Donald Trump
Female,65+,Black,No,North Carolina,High school graduate (includes equivalency),Joe Biden
Female,35-54,Hispanic,Yes,Florida,High school graduate (includes equivalency),Joe Biden
Female,65+,Hispanic,Yes,Florida,High school graduate (includes equivalency),Joe Biden
Female,18-34,Black,No,California,Some college or associate's degree,Donald Trump
Male,35-54,Hispanic,Yes,Oklahoma,Some college or associate's degree,Joe Biden
Female,65+,White,No,Washington,Some college or associate's degree,Joe Biden
Female,65+,White,No,Pennsylvania,High school graduate (includes equivalency),Joe Biden
Female,65+,White,No,Tennessee,High school graduate (includes equivalency),Joe Biden
Female,65+,White,No,Ohio,High school graduate (includes equivalency),Joe Biden
Female,35-54,White,No,Arizona,High school graduate (includes equivalency),Donald Trump
Female,65+,White,No,Georgia,High school graduate (includes equivalency),Joe Biden
Female,65+,White,No,Massachusetts,High school graduate (includes equivalency),Joe Biden
Female,65+,White,No,Mississippi,High school graduate (includes equivalency),Donald Trump
Female,65+,White,No,Pennsylvania,High school graduate (includes equivalency),Joe Biden
Male,65+,White,No,Texas,No high school diploma,Donald Trump
Male,65+,White,No,Pennsylvania,High school graduate (includes equivalency),Joe Biden
Male,35-54,White,No,Nebraska,High school graduate (includes equivalency),Joe Biden
Female,35-54,White,No,Louisiana,High school graduate (includes equivalency),Donald Trump
Female,65+,White,No,Texas,Some college or associate's degree,Donald Trump
Female,65+,White,No,New York,Some college or associate's degree,Joe Biden
Female,65+,White,No,Delaware,High school graduate (includes equivalency),Donald Trump
Female,65+,White,No,Illinois,Some college or associate's degree,Joe Biden
Female,65+,White,No,Maryland,High school graduate (includes equivalency),Donald Trump
Female,65+,White,No,Virginia,No high school diploma,Donald Trump
Female,65+,White,No,Nevada,Some college or associate's degree,Joe Biden
Male,65+,White,No,Ohio,High school graduate (includes equivalency),Joe Biden
Female,65+,White,No,California,Some college or associate's degree,Joe Biden
Female,18-34,White,No,Georgia,High school graduate (includes equivalency),Donald Trump
Male,65+,White,No,Missouri,High school graduate (includes equivalency),Joe Biden
Male,65+,White,No,Tennessee,High school graduate (includes equivalency),Donald Trump
Male,65+,White,No,Nevada,High school graduate (includes equivalency),Donald Trump
Male,65+,White,No,Maryland,High school graduate (includes equivalency),Donald Trump
Female,65+,White,No,Colorado,Some college or associate's degree,Joe Biden
Female,65+,White,No,Wisconsin,Some college or associate's degree,Joe Biden
Female,65+,White,Yes,New York,Some college or associate's degree,Donald Trump
Female,65+,White,No,Georgia,Some college or associate's degree,Donald Trump
Female,18-34,White,No,Georgia,Some college or associate's degree,Donald Trump
Female,65+,White,No,Louisiana,Some college or associate's degree,Donald Trump
Male,35-54,Hispanic,Yes,New York,High school graduate (includes equivalency),Joe Biden
Female,65+,White,No,Minnesota,High school graduate (includes equivalency),Joe Biden
Female,65+,White,No,Louisiana,Some college or associate's degree,Donald Trump
Female,65+,White,No,Missouri,High school graduate (includes equivalency),Donald Trump
Female,65+,White,No,Oklahoma,High school graduate (includes equivalency),Donald Trump
Female,65+,White,No,Florida,Some college or associate's degree,Joe Biden
Female,65+,White,No,Indiana,High school graduate (includes equivalency),Donald Trump
Female,65+,Native American,No,Texas,No high school diploma,Donald Trump
Male,65+,White,No,Minnesota,High school graduate (includes equivalency),Donald Trump
Female,65+,White,No,Arizona,Some college or associate's degree,Joe Biden
Female,65+,White,No,Virginia,No high school diploma,Donald Trump
Female,65+,White,No,Alabama,Some college or associate's degree,Donald Trump
Female,65+,White,No,Massachusetts,Some college or associate's degree,Joe Biden
Female,18-34,White,No,Washington,No high school diploma,Joe Biden
Male,35-54,White,No,Missouri,Bachelor's degree,Joe Biden
Female,65+,Hispanic,Yes,Texas,High school graduate (includes equivalency),Joe Biden
Male,18-34,Middle Eastern,No,New York,Bachelor's degree,Joe Biden
Male,35-54,Asian,No,California,Bachelor's degree,Donald Trump
Male,35-54,Hispanic,Yes,California,Bachelor's degree,Joe Biden
Male,35-54,Black,No,New Mexico,Bachelor's degree,Joe Biden
Male,18-34,Black,No,New Jersey,Some college or associate's degree,Joe Biden
Female,35-54,Asian,No,Wisconsin,Bachelor's degree,Joe Biden
Female,35-54,Black,No,Indiana,Bachelor's degree,Joe Biden
Male,18-34,Native American,No,Texas,Graduate or professional degree,Joe Biden
Male,18-34,Hispanic,Yes,Florida,Graduate or professional degree,Donald Trump
Female,35-54,Native American,Yes,Virginia,Graduate or professional degree,Joe Biden
Female,18-34,Hispanic,Yes,Florida,Bachelor's degree,Joe Biden
Female,35-54,White,No,Arizona,Graduate or professional degree,Joe Biden
Female,35-54,White,No,North Carolina,Graduate or professional degree,Joe Biden
Male,18-34,White,No,Washington,Some college or associate's degree,Joe Biden
Male,35-54,White,No,New Hampshire,Some college or associate's degree,Joe Biden
Female,18-34,White,No,Missouri,Graduate or professional degree,Joe Biden
Female,35-54,White,No,Iowa,Some college or associate's degree,Joe Biden
Female,35-54,White,No,Ohio,Graduate or professional degree,Joe Biden
Female,35-54,White,No,Minnesota,High school graduate (includes equivalency),Joe Biden
Male,35-54,White,No,North Carolina,High school graduate (includes equivalency),Joe Biden
Female,35-54,White,No,Maryland,Some college or associate's degree,Joe Biden
Female,35-54,White,No,Michigan,Some college or associate's degree,Joe Biden
Male,35-54,White,No,Texas,Some college or associate's degree,Donald Trump
Female,18-34,White,No,Connecticut,Graduate or professional degree,Joe Biden
Female,35-54,White,No,Vermont,Some college or associate's degree,Joe Biden
Female,18-34,White,No,Michigan,Some college or associate's degree,Donald Trump
Female,18-34,White,No,Wisconsin,Graduate or professional degree,Joe Biden
Female,35-54,Hispanic,Yes,Texas,Some college or associate's degree,Donald Trump
Male,18-34,White,No,Georgia,No high school diploma,Donald Trump
Male,35-54,White,No,New York,Graduate or professional degree,Donald Trump
Male,35-54,White,No,Ohio,Graduate or professional degree,Joe Biden
Female,35-54,White,No,Florida,Some college or associate's degree,Joe Biden
Male,35-54,White,No,Utah,Graduate or professional degree,Joe Biden
Female,35-54,White,No,Indiana,High school graduate (includes equivalency),Donald Trump
Male,35-54,White,No,California,High school graduate (includes equivalency),Joe Biden
Female,35-54,White,No,New York,Graduate or professional degree,Joe Biden
Female,35-54,White,No,Pennsylvania,Some college or associate's degree,Donald Trump
Male,35-54,White,No,Connecticut,Graduate or professional degree,Joe Biden
Female,35-54,White,No,New Jersey,Graduate or professional degree,Donald Trump
Female,65+,Hispanic,Yes,Texas,High school graduate (includes equivalency),Donald Trump
Male,18-34,Hispanic,Yes,Florida,High school graduate (includes equivalency),Donald Trump
Male,35-54,Black,No,Virginia,High school graduate (includes equivalency),Joe Biden
Male,18-34,Black,No,Alaska,High school graduate (includes equivalency),Donald Trump
Male,18-34,Asian,No,Colorado,Bachelor's degree,Joe Biden
Male,18-34,Hispanic,Yes,Oregon,High school graduate (includes equivalency),Joe Biden
Male,35-54,Two or more races,Yes,New York,Bachelor's degree,Joe Biden
Male,35-54,Hispanic,Yes,Wisconsin,High school graduate (includes equivalency),Joe Biden
Male,65+,Black,No,Alabama,High school graduate (includes equivalency),Joe Biden
Male,65+,Hispanic,Yes,Texas,High school graduate (includes equivalency),Donald Trump
Male,35-54,Black,No,Alabama,High school graduate (includes equivalency),Joe Biden
Male,65+,Hispanic,Yes,Georgia,Bachelor's degree,Donald Trump
Male,65+,Black,No,California,High school graduate (includes equivalency),Joe Biden
Male,65+,Black,No,Louisiana,High school graduate (includes equivalency),Joe Biden
Male,18-34,White,No,Ohio,Bachelor's degree,Joe Biden
Male,18-34,White,No,New York,High school graduate (includes equivalency),Joe Biden
Female,35-54,White,No,Florida,Bachelor's degree,Joe Biden
Female,35-54,White,No,Colorado,Bachelor's degree,Joe Biden
Female,18-34,White,No,Delaware,Bachelor's degree,Joe Biden
Female,35-54,White,No,Ohio,Bachelor's degree,Joe Biden
Female,35-54,White,No,California,Bachelor's degree,Joe Biden
Female,18-34,White,No,Massachusetts,Bachelor's degree,Joe Biden
Female,35-54,White,No,Washington,Bachelor's degree,Joe Biden
Female,35-54,White,No,California,Bachelor's degree,Donald Trump
Male,18-34,White,No,New York,Bachelor's degree,Donald Trump
Female,35-54,Hispanic,Yes,Massachusetts,High school graduate (includes equivalency),Joe Biden
Male,18-34,Hispanic,Yes,California,Some college or associate's degree,Donald Trump
Female,65+,White,No,Nevada,Bachelor's degree,Joe Biden
Male,35-54,White,No,Florida,Bachelor's degree,Donald Trump
Female,35-54,White,No,West Virginia,Some college or associate's degree,Donald Trump
Male,65+,White,No,Arizona,Some college or associate's degree,Donald Trump
Female,65+,White,No,Texas,Bachelor's degree,Joe Biden
Female,65+,White,No,Tennessee,Bachelor's degree,Donald Trump
Male,65+,White,No,Indiana,Some college or associate's degree,Joe Biden
Female,65+,White,No,Ohio,Bachelor's degree,Joe Biden
Female,35-54,White,No,Oregon,Some college or associate's degree,Joe Biden
Female,65+,White,No,Arizona,Bachelor's degree,Donald Trump
Male,65+,White,No,Illinois,Some college or associate's degree,Donald Trump
Male,18-34,White,No,Wisconsin,High school graduate (includes equivalency),Donald Trump
Male,18-34,Hispanic,Yes,Arizona,High school graduate (includes equivalency),Joe Biden
Male,18-34,Black,No,California,High school graduate (includes equivalency),Donald Trump
Female,18-34,Black,No,California,Bachelor's degree,Joe Biden
Female,18-34,Hispanic,Yes,Illinois,High school graduate (includes equivalency),Joe Biden
Female,35-54,Black,No,North Dakota,Bachelor's degree,Joe Biden
Male,18-34,Black,No,Texas,Graduate or professional degree,Joe Biden
Female,35-54,Black,No,New Jersey,High school graduate (includes equivalency),Donald Trump
Male,35-54,White,No,California,Graduate or professional degree,Donald Trump
Male,35-54,White,No,Illinois,Graduate or professional degree,Joe Biden
Female,35-54,White,No,Maryland,Graduate or professional degree,Joe Biden
Female,35-54,White,No,New York,Graduate or professional degree,Joe Biden
Male,18-34,White,No,New York,Graduate or professional degree,Donald Trump
Male,18-34,White,No,West Virginia,Graduate or professional degree,Donald Trump
Male,18-34,White,No,Florida,Graduate or professional degree,Donald Trump
Female,35-54,White,Yes,Florida,High school graduate (includes equivalency),Donald Trump
Female,35-54,Asian,No,Virginia,Graduate or professional degree,Joe Biden
Female,18-34,Hispanic,Yes,New York,Bachelor's degree,Joe Biden
Female,18-34,White,No,Florida,Bachelor's degree,Joe Biden
Male,18-34,White,No,Texas,High school graduate (includes equivalency),Donald Trump
Male,65+,White,No,Georgia,Bachelor's degree,Donald Trump
Female,18-34,White,No,California,Bachelor's degree,Joe Biden
Female,65+,White,No,Texas,Bachelor's degree,Donald Trump
Female,35-54,White,No,Massachusetts,Bachelor's degree,Joe Biden
Male,35-54,White,No,Pennsylvania,Bachelor's degree,Joe Biden
Female,65+,White,No,Montana,High school graduate (includes equivalency),Donald Trump
Female,35-54,White,No,Pennsylvania,Bachelor's degree,Donald Trump
Male,65+,White,No,Nevada,High school graduate (includes equivalency),Joe Biden
Male,65+,White,No,California,Bachelor's degree,Joe Biden
Male,65+,White,No,Georgia,Bachelor's degree,Joe Biden
Male,65+,White,No,Kentucky,Bachelor's degree,Donald Trump
Male,65+,Other,No,Florida,Some college or associate's degree,Donald Trump
Female,65+,White,No,New Mexico,High school graduate (includes equivalency),Donald Trump
Male,35-54,Black,No,Florida,Bachelor's degree,Joe Biden
Male,18-34,White,No,California,High school graduate (includes equivalency),Joe Biden
Female,35-54,Other,No,North Carolina,Some college or associate's degree,Donald Trump
Female,65+,Two or more races,No,Oregon,Graduate or professional degree,Joe Biden
Female,65+,Middle Eastern,No,Massachusetts,Bachelor's degree,Joe Biden
Male,35-54,Hispanic,Yes,Texas,Bachelor's degree,Joe Biden
Female,35-54,Hispanic,Yes,South Carolina,Graduate or professional degree,Donald Trump
Female,65+,Hispanic,Yes,California,High school graduate (includes equivalency),Donald Trump
Male,18-34,Other,No,Texas,Some college or associate's degree,Donald Trump
Female,18-34,Hispanic,Yes,Texas,Some college or associate's degree,Joe Biden
Female,35-54,Hispanic,Yes,Texas,Some college or associate's degree,Donald Trump
Female,35-54,Hispanic,Yes,Texas,High school graduate (includes equivalency),Joe Biden
Male,35-54,White,No,Kansas,High school graduate (includes equivalency),Donald Trump
Female,35-54,White,No,Michigan,No high school diploma,Joe Biden
Female,35-54,Hispanic,Yes,Pennsylvania,High school graduate (includes equivalency),Donald Trump
Female,18-34,White,No,Michigan,High school graduate (includes equivalency),Donald Trump
Female,35-54,White,No,Oklahoma,High school graduate (includes equivalency),Joe Biden
Male,18-34,White,No,Texas,High school graduate (includes equivalency),Joe Biden
Male,35-54,Hispanic,Yes,Florida,High school graduate (includes equivalency),Donald Trump
Male,18-34,White,No,Georgia,High school graduate (includes equivalency),Joe Biden
Female,35-54,White,No,California,High school graduate (includes equivalency),Joe Biden
Male,35-54,White,No,Illinois,High school graduate (includes equivalency),Donald Trump
Female,35-54,White,No,Wisconsin,High school graduate (includes equivalency),Joe Biden
Female,35-54,White,No,South Carolina,High school graduate (includes equivalency),Joe Biden
Female,35-54,White,No,Arizona,High school graduate (includes equivalency),Joe Biden
Male,35-54,White,No,New York,High school graduate (includes equivalency),Joe Biden
Female,35-54,White,No,Oregon,High school graduate (includes equivalency),Joe Biden
Female,35-54,Hispanic,Yes,California,High school graduate (includes equivalency),Donald Trump
Male,18-34,Black,No,Georgia,High school graduate (includes equivalency),Joe Biden
Female,35-54,White,No,Missouri,Bachelor's degree,Donald Trump
Male,35-54,White,No,Ohio,High school graduate (includes equivalency),Joe Biden
Male,35-54,White,No,Missouri,Some college or associate's degree,Donald Trump
Male,35-54,Black,No,Ohio,Some college or associate's degree,Joe Biden
Male,18-34,White,No,Alabama,Some college or associate's degree,Joe Biden
Male,35-54,Hispanic,Yes,Pennsylvania,Some college or associate's degree,Joe Biden
Male,18-34,White,No,Texas,Some college or associate's degree,Joe Biden
Male,18-34,Hispanic,Yes,Texas,Some college or associate's degree,Joe Biden
Female,65+,White,No,Tennessee,High school graduate (includes equivalency),Donald Trump
Female,35-54,White,No,New Hampshire,Bachelor's degree,Joe Biden
Female,18-34,Black,No,California,Some college or associate's degree,Joe Biden
Male,18-34,White,No,New York,Graduate or professional degree,Donald Trump
Male,35-54,White,No,New Jersey,Some college or associate's degree,Joe Biden
Female,18-34,White,No,Kentucky,Graduate or professional degree,Joe Biden
Male,18-34,White,No,Oregon,Graduate or professional degree,Joe Biden
Male,35-54,White,No,Montana,Bachelor's degree,Joe Biden
Female,18-34,White,No,Indiana,Graduate or professional degree,Donald Trump
Male,18-34,White,No,Missouri,Bachelor's degree,Joe Biden
Male,35-54,White,No,California,Bachelor's degree,Donald Trump
Female,35-54,White,No,South Carolina,Bachelor's degree,Donald Trump
Female,35-54,Black,No,Indiana,Some college or associate's degree,Joe Biden
Male,18-34,White,No,California,Graduate or professional degree,Joe Biden
Female,65+,White,No,Illinois,Graduate or professional degree,Joe Biden
Male,65+,White,No,North Carolina,High school graduate (includes equivalency),Donald Trump
Male,35-54,White,No,New Hampshire,Bachelor's degree,Joe Biden
Male,65+,Two or more races,No,New York,High school graduate (includes equivalency),Joe Biden
Female,65+,Black,No,Alabama,Graduate or professional degree,Joe Biden
Male,35-54,White,No,Washington,Bachelor's degree,Joe Biden
Male,65+,Native American,No,Oregon,Graduate or professional degree,Donald Trump
Female,18-34,Black,No,Illinois,Some college or associate's degree,Donald Trump
Male,65+,White,No,Tennessee,High school graduate (includes equivalency),Donald Trump
Female,35-54,Black,No,Kentucky,Some college or associate's degree,Donald Trump
Male,35-54,White,No,Virginia,Bachelor's degree,Donald Trump
Male,65+,White,No,Pennsylvania,High school graduate (includes equivalency),Donald Trump
Male,35-54,White,No,Texas,Bachelor's degree,Joe Biden
Female,35-54,Black,No,Mississippi,Some college or associate's degree,Joe Biden
Female,35-54,White,No,Oregon,Bachelor's degree,Joe Biden
Female,65+,White,No,Texas,Graduate or professional degree,Donald Trump
Female,18-34,White,No,New York,Graduate or professional degree,Joe Biden
Female,35-54,White,No,Florida,Graduate or professional degree,Joe Biden
Male,65+,White,No,Pennsylvania,Some college or associate's degree,Joe Biden
Female,35-54,White,No,California,Graduate or professional degree,Donald Trump
Female,35-54,White,No,Ohio,Graduate or professional degree,Joe Biden
Male,35-54,White,No,Florida,Some college or associate's degree,Joe Biden
Female,65+,White,No,Florida,Graduate or professional degree,Joe Biden
Female,35-54,Black,No,Arkansas,Some college or associate's degree,Joe Biden
Male,65+,White,No,Nevada,Bachelor's degree,Donald Trump
Female,65+,White,No,Arizona,Graduate or professional degree,Joe Biden
Female,18-34,White,No,Georgia,Some college or associate's degree,Joe Biden
Female,35-54,Two or more races,Yes,Washington,Bachelor's degree,Donald Trump
Male,18-34,Hispanic,Yes,Texas,Some college or associate's degree,Joe Biden
Female,35-54,Black,No,South Carolina,Some college or associate's degree,Joe Biden
Male,35-54,White,No,Minnesota,Some college or associate's degree,Donald Trump
Male,18-34,White,No,Georgia,Some college or associate's degree,Donald Trump
Male,65+,White,No,Oregon,High school graduate (includes equivalency),Donald Trump
Male,35-54,White,No,Illinois,Bachelor's degree,Donald Trump
Male,65+,White,No,Pennsylvania,Bachelor's degree,Joe Biden
Female,65+,Black,No,Georgia,High school graduate (includes equivalency),Joe Biden
Male,35-54,White,No,California,Bachelor's degree,Joe Biden
Female,65+,White,No,Pennsylvania,Graduate or professional degree,Joe Biden
Male,35-54,White,No,Virginia,Bachelor's degree,Joe Biden
Female,18-34,Black,No,Florida,High school graduate (includes equivalency),Donald Trump
Female,65+,White,No,New York,Graduate or professional degree,Joe Biden
Female,65+,Black,No,Mississippi,High school graduate (includes equivalency),Joe Biden
Male,65+,White,No,Michigan,High school graduate (includes equivalency),Donald Trump
